Order ID,Order Date,Customer ID,Region,Category,Product Name,Quantity,Unit Price,Discount,Sales,Profit
ORD2000,2021-08-19,CUST983,East,Clothing,Jacket,1,566.35,0.15,481.4,92.22
ORD2001,2022-06-28,CUST924,South,Home & Kitchen,Mixer Grinder,4,84.26,0.15,286.48,44.91
ORD2002,2021-08-06,CUST841,East,Clothing,Sneakers,4,139.18,0.05,528.88,146.11
ORD2003,2021-11-08,CUST768,East,Electronics,Laptop,5,857.14,0.15,3642.84,511.83
ORD2004,2021-09-24,CUST963,West,Beauty,Perfume,1,970.26,0.1,873.23,109.95
ORD2005,2021-04-20,CUST816,North,Home & Kitchen,Cookware Set,2,400.39,0.05,760.74,209.35
ORD2006,2020-12-24,CUST501,North,Beauty,Shampoo,3,383.73,0.0,1151.19,130.43
ORD2007,2020-07-14,CUST148,East,Beauty,Lipstick,2,635.82,0.15,1080.89,262.89
ORD2008,2021-02-10,CUST923,North,Electronics,Laptop,4,204.34,0.05,776.49,126.81
ORD2009,2023-04-13,CUST299,West,Beauty,Perfume,5,954.36,0.0,4771.8,608.42
ORD2010,2021-07-30,CUST726,South,Beauty,Lipstick,3,137.47,0.05,391.79,104.24
ORD2011,2022-10-13,CUST239,West,Books,Fiction Book,2,886.56,0.1,1595.81,463.36
ORD2012,2020-12-17,CUST824,North,Electronics,Smartwatch,2,88.53,0.0,177.06,45.53
ORD2013,2022-12-05,CUST560,North,Electronics,Smartwatch,4,578.59,0.0,2314.36,612.88
ORD2014,2021-10-02,CUST384,East,Electronics,Smartwatch,3,569.11,0.1,1536.6,444.78
ORD2015,2021-03-24,CUST104,North,Electronics,Smartwatch,5,62.13,0.15,264.05,31.54
ORD2016,2020-12-07,CUST488,West,Beauty,Face Cream,3,242.49,0.0,727.47,168.27
ORD2017,2021-08-16,CUST726,South,Books,Biography,3,570.46,0.1,1540.24,253.92
ORD2018,2023-04-14,CUST191,North,Electronics,Smartphone,3,722.87,0.1,1951.75,530.66
ORD2019,2023-06-09,CUST500,East,Electronics,Laptop,4,435.36,0.1,1567.3,248.96
ORD2020,2022-02-20,CUST763,East,Electronics,Laptop,4,468.57,0.1,1686.85,237.93
ORD2021,2020-10-11,CUST842,North,Books,Fiction Book,5,11.31,0.1,50.9,7.69
ORD2022,2022-07-03,CUST870,West,Beauty,Shampoo,1,101.72,0.05,96.63,15.69
ORD2023,2021-07-20,CUST813,West,Clothing,Jacket,2,279.3,0.05,530.67,107.56
ORD2024,2023-04-17,CUST573,East,Clothing,Sneakers,1,822.28,0.0,822.28,176.01
ORD2025,2022-11-15,CUST776,West,Clothing,Jacket,1,690.5,0.05,655.98,151.07
ORD2026,2020-07-11,CUST619,South,Clothing,Jacket,1,427.99,0.1,385.19,89.13
ORD2027,2022-02-23,CUST176,North,Books,Comics,4,168.88,0.1,607.97,107.79
ORD2028,2020-12-17,CUST833,West,Beauty,Face Cream,5,121.54,0.0,607.7,124.61
ORD2029,2021-12-14,CUST418,East,Clothing,T-shirt,3,84.02,0.05,239.46,41.61
ORD2030,2020-12-28,CUST595,East,Clothing,Sneakers,1,608.24,0.15,517.0,104.01
ORD2031,2020-01-11,CUST435,East,Electronics,Smartphone,3,717.67,0.15,1830.06,491.76
ORD2032,2020-08-04,CUST864,West,Home & Kitchen,Table Lamp,2,413.11,0.1,743.6,93.93
ORD2033,2022-05-13,CUST658,East,Books,Science Book,3,256.88,0.0,770.64,135.86
ORD2034,2022-12-26,CUST822,North,Clothing,T-shirt,2,634.54,0.15,1078.72,158.88
ORD2035,2021-04-26,CUST497,East,Clothing,Jacket,5,538.35,0.15,2287.99,348.58
ORD2036,2020-08-31,CUST572,North,Beauty,Shampoo,4,708.52,0.05,2692.38,404.15
ORD2037,2020-06-23,CUST396,North,Home & Kitchen,Mixer Grinder,1,749.15,0.15,636.78,98.4
ORD2038,2021-08-03,CUST700,North,Beauty,Perfume,2,562.26,0.05,1068.29,160.07
ORD2039,2022-08-10,CUST604,East,Home & Kitchen,Wall Clock,2,398.66,0.15,677.72,127.46
ORD2040,2023-03-30,CUST841,North,Books,Comics,5,217.15,0.05,1031.46,153.68
ORD2041,2020-02-04,CUST857,West,Books,Comics,4,260.97,0.05,991.69,148.56
ORD2042,2020-02-08,CUST196,East,Electronics,Headphones,2,89.94,0.15,152.9,23.89
ORD2043,2020-02-26,CUST531,North,Beauty,Lipstick,5,614.96,0.1,2767.32,594.5
ORD2044,2020-02-01,CUST507,South,Electronics,Smartphone,5,694.07,0.0,3470.35,791.53
ORD2045,2020-08-04,CUST369,West,Clothing,T-shirt,4,936.77,0.15,3185.02,336.77
ORD2046,2020-04-16,CUST433,South,Electronics,Headphones,3,23.27,0.05,66.32,12.67
ORD2047,2023-04-12,CUST992,North,Clothing,T-shirt,1,921.87,0.1,829.68,142.16
ORD2048,2022-03-10,CUST856,East,Books,Science Book,3,356.69,0.05,1016.57,167.47
ORD2049,2021-04-16,CUST929,East,Home & Kitchen,Mixer Grinder,1,637.02,0.1,573.32,95.84
ORD2050,2021-12-29,CUST307,North,Books,Comics,3,634.09,0.1,1712.04,192.75
ORD2051,2020-08-01,CUST724,South,Books,Fiction Book,4,837.95,0.05,3184.21,736.98
ORD2052,2023-01-09,CUST120,West,Beauty,Perfume,2,217.85,0.05,413.91,58.01
ORD2053,2021-07-07,CUST937,North,Beauty,Lipstick,4,342.61,0.15,1164.87,291.62
ORD2054,2022-05-10,CUST699,East,Books,Biography,4,65.08,0.05,247.3,57.59
ORD2055,2022-05-29,CUST495,North,Electronics,Smartwatch,4,57.96,0.1,208.66,23.13
ORD2056,2023-02-01,CUST733,South,Electronics,Laptop,2,198.58,0.1,357.44,48.22
ORD2057,2020-09-27,CUST163,South,Clothing,Sneakers,1,509.23,0.15,432.85,58.07
ORD2058,2023-03-08,CUST820,West,Clothing,Jeans,4,407.28,0.05,1547.66,181.4
ORD2059,2021-03-07,CUST327,South,Beauty,Perfume,3,532.5,0.0,1597.5,178.81
ORD2060,2021-07-09,CUST883,South,Beauty,Shampoo,4,790.49,0.05,3003.86,375.03
ORD2061,2022-12-27,CUST806,East,Books,Biography,5,216.28,0.05,1027.33,243.26
ORD2062,2021-11-16,CUST409,East,Clothing,T-shirt,3,247.1,0.0,741.3,83.43
ORD2063,2023-02-05,CUST290,East,Home & Kitchen,Mixer Grinder,2,736.84,0.1,1326.31,154.72
ORD2064,2021-11-21,CUST366,West,Books,Fiction Book,5,685.9,0.15,2915.07,523.94
ORD2065,2022-08-25,CUST210,North,Clothing,Jacket,3,716.84,0.0,2150.52,442.87
ORD2066,2022-01-01,CUST455,South,Clothing,Jacket,1,950.92,0.15,808.28,139.18
ORD2067,2020-02-06,CUST898,South,Beauty,Face Cream,4,771.95,0.1,2779.02,683.13
ORD2068,2022-10-03,CUST204,South,Electronics,Headphones,4,569.27,0.1,2049.37,483.49
ORD2069,2021-03-08,CUST625,East,Home & Kitchen,Wall Clock,2,743.03,0.05,1411.76,320.26
ORD2070,2021-08-23,CUST441,East,Electronics,Smartphone,1,365.07,0.0,365.07,45.18
ORD2071,2021-10-23,CUST276,North,Beauty,Perfume,5,11.91,0.1,53.59,7.34
ORD2072,2021-10-11,CUST253,West,Clothing,Sneakers,4,875.82,0.0,3503.28,514.83
ORD2073,2022-02-13,CUST360,North,Clothing,Jeans,1,31.3,0.15,26.61,7.59
ORD2074,2023-04-08,CUST829,South,Clothing,Jeans,1,138.6,0.05,131.67,29.96
ORD2075,2022-02-02,CUST279,East,Electronics,Smartwatch,1,591.7,0.05,562.12,83.96
ORD2076,2020-12-10,CUST995,West,Books,Biography,2,914.68,0.05,1737.89,253.34
ORD2077,2023-01-12,CUST410,South,Home & Kitchen,Mixer Grinder,5,343.97,0.0,1719.85,421.5
ORD2078,2022-03-30,CUST268,East,Home & Kitchen,Cookware Set,5,375.01,0.05,1781.3,404.2
ORD2079,2020-05-21,CUST571,North,Home & Kitchen,Cookware Set,3,386.21,0.1,1042.77,206.63
ORD2080,2021-08-12,CUST374,South,Home & Kitchen,Cookware Set,1,325.79,0.1,293.21,87.66
ORD2081,2022-01-08,CUST134,West,Beauty,Perfume,2,277.66,0.05,527.55,61.09
ORD2082,2023-02-22,CUST394,West,Beauty,Perfume,5,705.88,0.0,3529.4,584.11
ORD2083,2020-08-19,CUST111,West,Books,Comics,3,743.66,0.15,1896.33,344.8
ORD2084,2023-06-03,CUST159,South,Home & Kitchen,Cookware Set,4,366.26,0.0,1465.04,413.48
ORD2085,2022-01-04,CUST905,South,Home & Kitchen,Wall Clock,2,170.79,0.1,307.42,33.87
ORD2086,2020-06-19,CUST137,South,Beauty,Shampoo,4,873.12,0.1,3143.23,897.53
ORD2087,2023-06-09,CUST451,North,Books,Biography,1,88.03,0.1,79.23,21.47
ORD2088,2020-05-28,CUST531,South,Beauty,Perfume,1,438.75,0.05,416.81,106.02
ORD2089,2020-12-02,CUST606,West,Books,Science Book,1,90.89,0.1,81.8,17.33
ORD2090,2023-03-04,CUST574,East,Beauty,Perfume,5,897.03,0.05,4260.89,1001.19
ORD2091,2021-07-25,CUST452,East,Clothing,Sneakers,4,402.37,0.1,1448.53,213.14
ORD2092,2023-05-18,CUST200,South,Clothing,Jacket,3,100.04,0.05,285.11,70.13
ORD2093,2020-04-13,CUST340,South,Electronics,Smartwatch,5,985.32,0.15,4187.61,1162.93
ORD2094,2022-10-15,CUST623,South,Books,Comics,4,15.27,0.15,51.92,11.02
ORD2095,2022-04-26,CUST714,West,Electronics,Headphones,3,203.8,0.05,580.83,93.13
ORD2096,2022-04-01,CUST726,West,Beauty,Face Cream,1,404.73,0.1,364.26,69.07
ORD2097,2022-12-25,CUST212,East,Clothing,Jacket,2,754.65,0.0,1509.3,166.82
ORD2098,2021-05-04,CUST352,South,Electronics,Smartwatch,2,525.22,0.05,997.92,223.03
ORD2099,2023-01-19,CUST409,North,Books,Fiction Book,3,958.63,0.1,2588.3,643.85
ORD2100,2021-07-22,CUST511,South,Beauty,Lipstick,3,506.02,0.1,1366.25,142.13
ORD2101,2022-12-05,CUST411,West,Beauty,Shampoo,3,194.36,0.15,495.62,115.64
ORD2102,2021-01-19,CUST461,West,Electronics,Smartphone,1,316.53,0.0,316.53,67.81
ORD2103,2023-05-10,CUST940,East,Clothing,Jacket,2,452.64,0.0,905.28,103.93
ORD2104,2020-04-28,CUST803,East,Home & Kitchen,Table Lamp,3,575.77,0.05,1640.94,192.82
ORD2105,2020-03-30,CUST501,North,Electronics,Smartphone,4,664.67,0.15,2259.88,267.61
ORD2106,2021-11-15,CUST959,North,Books,Comics,5,886.05,0.05,4208.74,992.3
ORD2107,2020-10-16,CUST933,West,Books,Fiction Book,1,831.93,0.0,831.93,154.05
ORD2108,2022-05-05,CUST490,North,Beauty,Shampoo,2,848.75,0.05,1612.62,163.64
ORD2109,2022-05-26,CUST868,North,Clothing,Jacket,5,417.33,0.15,1773.65,441.85
ORD2110,2021-07-08,CUST325,East,Beauty,Face Cream,2,138.95,0.05,264.0,48.18
ORD2111,2022-03-09,CUST600,North,Electronics,Smartwatch,1,778.58,0.15,661.79,139.46
ORD2112,2022-10-19,CUST264,South,Clothing,Jeans,2,425.79,0.0,851.58,100.44
ORD2113,2021-10-14,CUST196,North,Clothing,Jeans,1,551.51,0.15,468.78,136.73
ORD2114,2023-03-06,CUST559,South,Electronics,Headphones,2,584.15,0.15,993.05,200.15
ORD2115,2020-06-25,CUST511,West,Home & Kitchen,Mixer Grinder,2,885.59,0.0,1771.18,273.69
ORD2116,2021-02-22,CUST463,South,Beauty,Lipstick,2,348.69,0.0,697.38,103.18
ORD2117,2023-04-16,CUST811,East,Beauty,Perfume,4,462.82,0.0,1851.28,255.66
ORD2118,2021-11-20,CUST487,South,Home & Kitchen,Wall Clock,5,132.44,0.1,595.98,177.15
ORD2119,2020-11-07,CUST450,North,Home & Kitchen,Mixer Grinder,3,163.94,0.05,467.23,55.3
ORD2120,2020-01-27,CUST586,West,Beauty,Face Cream,4,78.36,0.0,313.44,36.12
ORD2121,2020-12-13,CUST600,East,Home & Kitchen,Mixer Grinder,2,552.08,0.15,938.54,226.29
ORD2122,2021-10-31,CUST820,North,Home & Kitchen,Cookware Set,3,709.52,0.15,1809.28,533.11
ORD2123,2021-05-14,CUST371,South,Electronics,Smartwatch,1,561.89,0.1,505.7,79.32
ORD2124,2021-11-07,CUST869,West,Clothing,Jeans,4,117.69,0.0,470.76,91.67
ORD2125,2020-07-22,CUST630,North,Home & Kitchen,Cookware Set,3,672.42,0.0,2017.26,434.3
ORD2126,2022-09-30,CUST952,South,Books,Biography,5,289.7,0.0,1448.5,381.69
ORD2127,2020-03-09,CUST926,West,Clothing,Jacket,5,77.35,0.05,367.41,72.89
ORD2128,2021-06-17,CUST993,North,Books,Science Book,1,144.9,0.1,130.41,23.91
ORD2129,2020-07-13,CUST119,West,Home & Kitchen,Wall Clock,2,705.66,0.0,1411.32,377.49
ORD2130,2022-06-21,CUST802,South,Clothing,T-shirt,2,369.31,0.1,664.76,185.29
ORD2131,2021-02-17,CUST812,South,Clothing,Jacket,2,723.61,0.05,1374.86,216.06
ORD2132,2022-10-26,CUST642,South,Beauty,Shampoo,2,136.96,0.1,246.53,64.17
ORD2133,2021-04-08,CUST803,East,Books,Comics,4,110.6,0.15,376.04,73.19
ORD2134,2020-09-26,CUST492,East,Books,Science Book,4,443.36,0.05,1684.77,445.99
ORD2135,2020-06-09,CUST884,East,Clothing,Jeans,1,378.29,0.05,359.38,96.39
ORD2136,2020-09-18,CUST884,West,Clothing,Jacket,1,559.01,0.0,559.01,85.62
ORD2137,2020-05-20,CUST275,East,Electronics,Smartphone,2,823.8,0.1,1482.84,155.56
ORD2138,2021-01-12,CUST254,East,Books,Biography,4,713.24,0.05,2710.31,410.69
ORD2139,2023-05-26,CUST551,West,Books,Comics,2,405.11,0.0,810.22,172.19
ORD2140,2022-11-08,CUST711,West,Beauty,Face Cream,5,986.08,0.15,4190.84,864.58
ORD2141,2020-06-12,CUST943,East,Books,Science Book,2,91.05,0.05,172.99,39.0
ORD2142,2022-08-22,CUST301,North,Electronics,Laptop,1,811.09,0.0,811.09,163.65
ORD2143,2022-01-11,CUST666,North,Books,Biography,2,688.51,0.1,1239.32,180.62
ORD2144,2020-01-24,CUST504,East,Home & Kitchen,Wall Clock,2,392.05,0.0,784.1,193.58
ORD2145,2021-12-06,CUST350,North,Home & Kitchen,Mixer Grinder,2,300.6,0.15,511.02,65.23
ORD2146,2021-01-03,CUST261,South,Electronics,Smartwatch,3,209.63,0.05,597.45,126.56
ORD2147,2020-12-21,CUST933,West,Home & Kitchen,Wall Clock,5,655.51,0.1,2949.8,395.74
ORD2148,2022-04-01,CUST762,South,Home & Kitchen,Wall Clock,4,637.99,0.05,2424.36,339.98
ORD2149,2022-06-10,CUST285,East,Beauty,Perfume,5,746.04,0.05,3543.69,715.26
ORD2150,2020-07-21,CUST369,North,Books,Comics,5,554.6,0.05,2634.35,691.62
ORD2151,2021-06-16,CUST700,North,Beauty,Lipstick,4,560.07,0.0,2240.28,469.53
ORD2152,2022-01-19,CUST791,North,Home & Kitchen,Table Lamp,5,366.99,0.15,1559.71,210.81
ORD2153,2020-03-05,CUST669,South,Clothing,Jeans,4,990.01,0.0,3960.04,773.54
ORD2154,2021-06-02,CUST533,East,Home & Kitchen,Cookware Set,3,388.12,0.05,1106.14,196.74
ORD2155,2021-10-30,CUST437,South,Electronics,Headphones,2,308.19,0.0,616.38,137.94
ORD2156,2020-04-24,CUST364,North,Home & Kitchen,Table Lamp,5,308.7,0.0,1543.5,339.18
ORD2157,2020-07-11,CUST398,South,Home & Kitchen,Wall Clock,5,88.54,0.0,442.7,117.81
ORD2158,2022-02-20,CUST670,West,Clothing,T-shirt,5,549.88,0.05,2611.93,779.41
ORD2159,2022-03-08,CUST323,North,Electronics,Laptop,1,587.71,0.0,587.71,97.21
ORD2160,2021-02-22,CUST131,West,Home & Kitchen,Wall Clock,4,346.92,0.0,1387.68,177.83
ORD2161,2022-03-11,CUST891,South,Electronics,Smartphone,2,306.2,0.15,520.54,110.17
ORD2162,2020-02-29,CUST408,North,Beauty,Shampoo,2,351.98,0.05,668.76,157.98
ORD2163,2023-03-24,CUST502,West,Electronics,Smartwatch,1,626.41,0.15,532.45,56.31
ORD2164,2021-08-06,CUST466,South,Clothing,Jeans,2,226.84,0.05,431.0,123.61
ORD2165,2020-06-30,CUST515,South,Clothing,T-shirt,1,844.84,0.1,760.36,109.49
ORD2166,2020-11-10,CUST897,South,Home & Kitchen,Wall Clock,3,470.82,0.15,1200.59,307.22
ORD2167,2020-11-25,CUST323,East,Books,Biography,1,408.17,0.0,408.17,49.71
ORD2168,2021-09-02,CUST451,East,Books,Biography,2,859.92,0.1,1547.86,424.05
ORD2169,2023-03-28,CUST399,East,Clothing,Jeans,5,409.84,0.0,2049.2,247.45
ORD2170,2022-01-01,CUST323,East,Beauty,Lipstick,4,662.52,0.1,2385.07,308.18
ORD2171,2022-03-02,CUST227,South,Electronics,Headphones,4,626.75,0.1,2256.3,257.26
ORD2172,2021-07-20,CUST955,East,Beauty,Lipstick,3,169.62,0.05,483.42,61.21
ORD2173,2021-10-03,CUST616,West,Books,Fiction Book,1,989.78,0.1,890.8,213.85
ORD2174,2020-08-09,CUST147,West,Clothing,Jacket,4,147.08,0.1,529.49,122.63
ORD2175,2021-12-04,CUST696,East,Electronics,Headphones,3,537.95,0.1,1452.47,383.33
ORD2176,2022-08-21,CUST161,East,Beauty,Face Cream,5,841.89,0.15,3578.03,948.86
ORD2177,2023-06-25,CUST835,West,Books,Biography,2,861.14,0.0,1722.28,383.26
ORD2178,2021-05-18,CUST619,North,Home & Kitchen,Table Lamp,4,917.36,0.1,3302.5,936.23
ORD2179,2020-02-04,CUST161,North,Clothing,Jeans,2,887.34,0.0,1774.68,462.07
ORD2180,2021-08-26,CUST715,East,Clothing,Jeans,3,894.82,0.15,2281.79,675.31
ORD2181,2020-11-12,CUST871,South,Clothing,T-shirt,3,314.35,0.0,943.05,215.31
ORD2182,2020-04-05,CUST559,West,Clothing,Jacket,4,813.99,0.15,2767.57,441.69
ORD2183,2020-08-12,CUST760,East,Beauty,Perfume,1,806.97,0.05,766.62,203.94
ORD2184,2022-02-27,CUST318,East,Electronics,Headphones,2,356.86,0.0,713.72,185.15
ORD2185,2020-05-29,CUST577,East,Home & Kitchen,Cookware Set,4,605.96,0.0,2423.84,637.5
ORD2186,2021-10-15,CUST288,South,Electronics,Laptop,1,472.94,0.0,472.94,126.46
ORD2187,2020-03-28,CUST840,East,Electronics,Laptop,5,283.11,0.0,1415.55,203.41
ORD2188,2021-02-18,CUST841,West,Clothing,Jacket,2,812.7,0.1,1462.86,161.75
ORD2189,2022-04-22,CUST408,North,Home & Kitchen,Wall Clock,4,525.38,0.0,2101.52,583.69
ORD2190,2021-10-30,CUST227,East,Books,Science Book,2,461.32,0.05,876.51,150.49
ORD2191,2022-10-30,CUST737,East,Electronics,Laptop,2,863.78,0.15,1468.43,394.93
ORD2192,2020-10-09,CUST598,West,Books,Biography,5,457.56,0.05,2173.41,370.35
ORD2193,2020-07-08,CUST289,East,Electronics,Laptop,4,438.45,0.0,1753.8,238.71
ORD2194,2021-10-24,CUST749,West,Books,Fiction Book,2,255.75,0.1,460.35,83.98
ORD2195,2022-03-24,CUST693,North,Beauty,Lipstick,3,295.32,0.1,797.36,209.99
ORD2196,2021-01-06,CUST290,South,Beauty,Face Cream,3,554.72,0.0,1664.16,170.72
ORD2197,2022-07-16,CUST287,East,Beauty,Lipstick,2,770.43,0.15,1309.73,176.16
ORD2198,2021-09-21,CUST685,South,Home & Kitchen,Mixer Grinder,4,31.43,0.1,113.15,16.07
ORD2199,2022-11-28,CUST131,North,Books,Biography,1,589.0,0.0,589.0,134.01
ORD2200,2021-01-30,CUST509,North,Books,Science Book,4,834.65,0.15,2837.81,441.77
ORD2201,2020-08-11,CUST935,East,Electronics,Smartwatch,1,200.02,0.1,180.02,22.3
ORD2202,2022-03-21,CUST845,South,Beauty,Face Cream,2,876.22,0.15,1489.57,310.14
ORD2203,2022-04-04,CUST304,South,Beauty,Face Cream,5,138.07,0.15,586.8,142.76
ORD2204,2021-04-16,CUST490,West,Beauty,Lipstick,3,157.7,0.0,473.1,122.74
ORD2205,2020-03-01,CUST690,South,Electronics,Smartwatch,5,222.72,0.15,946.56,125.81
ORD2206,2021-11-07,CUST898,North,Books,Comics,5,934.61,0.1,4205.74,680.49
ORD2207,2023-03-23,CUST549,South,Clothing,Jacket,1,954.34,0.0,954.34,244.85
ORD2208,2022-02-16,CUST863,East,Electronics,Smartphone,2,890.32,0.15,1513.54,228.96
ORD2209,2022-05-13,CUST965,East,Clothing,T-shirt,2,690.8,0.1,1243.44,251.99
ORD2210,2023-03-28,CUST215,North,Electronics,Headphones,2,841.88,0.0,1683.76,291.76
ORD2211,2021-02-08,CUST483,West,Beauty,Perfume,4,556.98,0.15,1893.73,454.8
ORD2212,2021-12-09,CUST853,South,Books,Fiction Book,5,239.48,0.0,1197.4,124.57
ORD2213,2021-05-16,CUST774,North,Clothing,Jeans,1,479.84,0.15,407.86,55.04
ORD2214,2022-10-23,CUST776,West,Home & Kitchen,Cookware Set,2,111.92,0.0,223.84,24.85
ORD2215,2021-04-01,CUST945,West,Books,Biography,2,75.78,0.15,128.83,14.41
ORD2216,2021-10-14,CUST139,North,Beauty,Lipstick,1,908.88,0.1,817.99,186.91
ORD2217,2021-12-21,CUST600,West,Books,Biography,1,31.28,0.1,28.15,3.18
ORD2218,2022-11-19,CUST946,East,Clothing,Jeans,5,263.63,0.05,1252.24,370.76
ORD2219,2022-03-22,CUST230,South,Books,Fiction Book,1,439.62,0.05,417.64,55.53
ORD2220,2021-06-01,CUST543,South,Electronics,Smartphone,3,191.5,0.05,545.77,162.13
ORD2221,2021-11-05,CUST687,East,Home & Kitchen,Cookware Set,4,134.27,0.1,483.37,132.94
ORD2222,2021-03-20,CUST625,South,Beauty,Perfume,2,457.41,0.15,777.6,212.28
ORD2223,2021-04-22,CUST210,South,Home & Kitchen,Mixer Grinder,1,192.56,0.15,163.68,31.62
ORD2224,2022-06-15,CUST572,South,Electronics,Headphones,4,633.7,0.0,2534.8,649.09
ORD2225,2020-09-27,CUST994,North,Clothing,Jeans,5,717.28,0.15,3048.44,777.26
ORD2226,2021-03-01,CUST666,South,Home & Kitchen,Table Lamp,2,794.14,0.15,1350.04,177.57
ORD2227,2021-10-19,CUST325,South,Books,Comics,4,363.32,0.0,1453.28,222.37
ORD2228,2020-08-04,CUST654,North,Beauty,Lipstick,2,448.8,0.05,852.72,88.84
ORD2229,2020-10-24,CUST473,East,Beauty,Perfume,5,314.97,0.05,1496.11,443.83
ORD2230,2020-06-03,CUST723,East,Electronics,Laptop,4,516.48,0.05,1962.62,499.44
ORD2231,2022-03-29,CUST240,West,Electronics,Laptop,5,997.06,0.15,4237.5,657.47
ORD2232,2023-05-25,CUST403,East,Beauty,Perfume,4,253.76,0.15,862.78,123.12
ORD2233,2020-05-03,CUST320,West,Books,Biography,1,781.97,0.05,742.87,188.68
ORD2234,2020-08-27,CUST540,North,Electronics,Smartwatch,4,581.54,0.1,2093.54,241.34
ORD2235,2020-12-26,CUST329,East,Beauty,Face Cream,3,18.5,0.0,55.5,8.73
ORD2236,2021-04-01,CUST257,South,Books,Science Book,2,562.18,0.1,1011.92,301.33
ORD2237,2022-02-27,CUST694,West,Books,Science Book,1,46.39,0.15,39.43,10.99
ORD2238,2020-03-07,CUST849,East,Home & Kitchen,Cookware Set,1,373.96,0.05,355.26,54.66
ORD2239,2022-12-30,CUST593,East,Beauty,Perfume,4,479.89,0.1,1727.6,436.64
ORD2240,2020-11-21,CUST624,East,Electronics,Smartphone,2,312.3,0.05,593.37,126.06
ORD2241,2022-04-13,CUST628,South,Beauty,Shampoo,5,601.43,0.0,3007.15,334.73
ORD2242,2020-04-02,CUST312,North,Books,Biography,2,502.76,0.1,904.97,164.44
ORD2243,2020-06-09,CUST989,West,Books,Comics,2,492.2,0.1,885.96,125.34
ORD2244,2021-09-30,CUST692,East,Electronics,Laptop,3,244.18,0.0,732.54,166.58
ORD2245,2021-05-14,CUST862,West,Home & Kitchen,Wall Clock,1,427.32,0.05,405.95,56.6
ORD2246,2023-01-17,CUST625,South,Clothing,T-shirt,4,769.78,0.0,3079.12,781.81
ORD2247,2021-12-24,CUST340,East,Clothing,T-shirt,2,290.56,0.05,552.06,72.1
ORD2248,2023-02-15,CUST340,South,Beauty,Face Cream,4,117.41,0.05,446.16,53.29
ORD2249,2021-08-03,CUST475,West,Home & Kitchen,Wall Clock,1,299.7,0.15,254.74,27.75
ORD2250,2022-07-19,CUST995,South,Beauty,Lipstick,2,344.72,0.1,620.5,175.25
ORD2251,2021-05-30,CUST185,North,Electronics,Headphones,1,383.46,0.15,325.94,46.46
ORD2252,2022-03-18,CUST496,West,Clothing,T-shirt,1,927.55,0.0,927.55,239.31
ORD2253,2021-08-08,CUST955,South,Electronics,Smartwatch,3,343.84,0.0,1031.52,182.59
ORD2254,2020-08-18,CUST168,West,Electronics,Smartphone,5,273.56,0.05,1299.41,278.17
ORD2255,2021-09-09,CUST333,North,Clothing,Jeans,5,545.57,0.0,2727.85,642.48
ORD2256,2023-05-11,CUST265,West,Books,Science Book,1,36.07,0.0,36.07,4.22
ORD2257,2022-11-11,CUST762,West,Electronics,Smartwatch,5,936.97,0.15,3982.12,986.2
ORD2258,2021-04-25,CUST387,South,Clothing,Sneakers,2,503.9,0.1,907.02,95.71
ORD2259,2020-08-11,CUST209,East,Beauty,Perfume,2,983.77,0.0,1967.54,456.1
ORD2260,2022-10-12,CUST609,South,Electronics,Smartwatch,4,29.4,0.05,111.72,26.13
ORD2261,2023-05-20,CUST694,West,Home & Kitchen,Mixer Grinder,2,358.89,0.15,610.11,182.06
ORD2262,2020-10-09,CUST170,East,Home & Kitchen,Wall Clock,1,276.6,0.1,248.94,34.91
ORD2263,2020-03-18,CUST516,North,Home & Kitchen,Mixer Grinder,4,135.76,0.15,461.58,69.15
ORD2264,2022-05-31,CUST952,South,Home & Kitchen,Mixer Grinder,5,220.82,0.05,1048.89,304.66
ORD2265,2020-03-28,CUST854,West,Beauty,Perfume,4,189.06,0.0,756.24,95.72
ORD2266,2023-05-02,CUST484,North,Books,Biography,2,198.25,0.1,356.85,93.33
ORD2267,2021-06-24,CUST894,North,Home & Kitchen,Wall Clock,3,898.05,0.0,2694.15,362.3
ORD2268,2022-07-27,CUST545,West,Electronics,Headphones,1,389.47,0.0,389.47,40.77
ORD2269,2021-05-27,CUST220,East,Home & Kitchen,Table Lamp,2,107.12,0.1,192.82,21.95
ORD2270,2022-12-17,CUST713,South,Clothing,Jacket,5,223.4,0.0,1117.0,235.82
ORD2271,2020-06-15,CUST675,West,Books,Science Book,2,577.5,0.15,981.75,118.1
ORD2272,2021-04-11,CUST721,South,Home & Kitchen,Wall Clock,2,829.99,0.15,1410.98,202.98
ORD2273,2022-10-05,CUST365,West,Electronics,Smartphone,4,718.27,0.05,2729.43,473.29
ORD2274,2022-12-27,CUST554,South,Beauty,Shampoo,1,416.53,0.0,416.53,120.34
ORD2275,2022-09-02,CUST880,South,Home & Kitchen,Wall Clock,1,168.44,0.15,143.17,30.59
ORD2276,2022-08-22,CUST385,East,Beauty,Lipstick,4,897.27,0.1,3230.17,799.18
ORD2277,2022-01-04,CUST881,East,Books,Comics,5,274.99,0.0,1374.95,336.55
ORD2278,2023-03-17,CUST189,East,Beauty,Face Cream,2,234.88,0.05,446.27,64.75
ORD2279,2021-02-25,CUST392,North,Books,Comics,1,936.95,0.05,890.1,137.89
ORD2280,2020-04-01,CUST746,East,Beauty,Shampoo,2,291.68,0.0,583.36,111.85
ORD2281,2021-11-10,CUST886,North,Beauty,Perfume,5,972.96,0.15,4135.08,1061.67
ORD2282,2022-12-19,CUST629,North,Clothing,Jeans,2,534.71,0.0,1069.42,258.69
ORD2283,2021-09-08,CUST900,South,Electronics,Headphones,2,870.78,0.0,1741.56,311.52
ORD2284,2022-10-24,CUST780,North,Electronics,Smartphone,4,992.11,0.15,3373.17,922.92
ORD2285,2021-04-22,CUST772,East,Books,Fiction Book,3,951.56,0.1,2569.21,633.17
ORD2286,2021-05-25,CUST750,North,Home & Kitchen,Mixer Grinder,2,68.76,0.1,123.77,20.06
ORD2287,2020-05-20,CUST718,South,Clothing,Jacket,5,635.2,0.05,3017.2,779.09
ORD2288,2020-10-11,CUST409,East,Clothing,T-shirt,3,817.82,0.1,2208.11,233.0
ORD2289,2020-12-27,CUST137,East,Home & Kitchen,Table Lamp,3,50.11,0.15,127.78,31.69
ORD2290,2021-02-02,CUST314,West,Clothing,Jeans,4,112.91,0.15,383.89,63.89
ORD2291,2023-04-03,CUST716,East,Home & Kitchen,Table Lamp,3,206.47,0.15,526.5,146.01
ORD2292,2022-09-19,CUST859,East,Home & Kitchen,Mixer Grinder,4,134.7,0.15,457.98,70.36
ORD2293,2021-12-06,CUST190,North,Beauty,Shampoo,4,141.94,0.05,539.37,118.99
ORD2294,2021-02-02,CUST316,South,Home & Kitchen,Wall Clock,3,13.17,0.0,39.51,6.32
ORD2295,2023-05-18,CUST315,South,Home & Kitchen,Mixer Grinder,5,237.49,0.0,1187.45,310.26
ORD2296,2021-01-29,CUST707,West,Beauty,Lipstick,3,941.94,0.15,2401.95,461.58
ORD2297,2023-05-25,CUST364,North,Books,Comics,5,164.1,0.15,697.42,187.37
ORD2298,2020-06-30,CUST757,West,Clothing,Jeans,3,57.75,0.15,147.26,21.96
ORD2299,2021-06-18,CUST552,South,Electronics,Headphones,1,712.74,0.1,641.47,115.31
ORD2300,2021-03-23,CUST458,East,Clothing,T-shirt,4,242.57,0.1,873.25,210.12
ORD2301,2021-02-07,CUST107,South,Home & Kitchen,Mixer Grinder,4,473.65,0.0,1894.6,282.81
ORD2302,2022-03-27,CUST811,West,Beauty,Face Cream,4,857.27,0.15,2914.72,528.7
ORD2303,2023-04-23,CUST679,East,Electronics,Laptop,1,332.54,0.15,282.66,73.8
ORD2304,2021-11-13,CUST484,South,Books,Science Book,1,543.81,0.1,489.43,139.88
ORD2305,2020-06-15,CUST866,South,Books,Science Book,4,82.15,0.1,295.74,49.02
ORD2306,2020-10-20,CUST160,South,Home & Kitchen,Table Lamp,3,644.73,0.0,1934.19,448.31
ORD2307,2020-08-01,CUST347,South,Home & Kitchen,Table Lamp,4,663.03,0.05,2519.51,279.43
ORD2308,2021-08-22,CUST679,East,Books,Comics,2,110.31,0.05,209.59,25.08
ORD2309,2022-04-02,CUST792,East,Clothing,Sneakers,3,947.1,0.0,2841.3,753.65
ORD2310,2020-06-14,CUST843,North,Electronics,Laptop,4,109.32,0.0,437.28,89.88
ORD2311,2021-09-24,CUST811,South,Home & Kitchen,Cookware Set,4,10.1,0.0,40.4,6.09
ORD2312,2020-03-16,CUST862,West,Electronics,Headphones,4,393.84,0.05,1496.59,175.68
ORD2313,2021-08-10,CUST887,West,Electronics,Smartphone,1,103.84,0.15,88.26,13.89
ORD2314,2020-04-23,CUST546,East,Clothing,T-shirt,3,212.21,0.15,541.14,97.22
ORD2315,2023-01-24,CUST830,West,Clothing,Sneakers,4,335.98,0.0,1343.92,278.85
ORD2316,2021-02-10,CUST358,North,Electronics,Smartphone,3,472.9,0.1,1276.83,166.23
ORD2317,2021-06-23,CUST682,East,Books,Fiction Book,4,876.76,0.0,3507.04,448.46
ORD2318,2022-07-11,CUST899,East,Books,Biography,5,490.85,0.15,2086.11,223.63
ORD2319,2021-06-03,CUST837,East,Electronics,Smartphone,4,499.36,0.1,1797.7,449.76
ORD2320,2020-10-01,CUST938,West,Clothing,Sneakers,2,215.59,0.0,431.18,80.62
ORD2321,2021-08-30,CUST144,West,Beauty,Lipstick,1,574.41,0.05,545.69,95.14
ORD2322,2021-02-08,CUST682,East,Clothing,T-shirt,4,680.31,0.15,2313.05,687.85
ORD2323,2020-03-11,CUST988,East,Electronics,Smartwatch,3,992.03,0.0,2976.09,352.01
ORD2324,2022-12-27,CUST613,West,Books,Fiction Book,3,363.78,0.05,1036.77,239.68
ORD2325,2021-12-20,CUST947,South,Books,Biography,4,557.47,0.05,2118.39,450.67
ORD2326,2020-01-14,CUST315,South,Home & Kitchen,Mixer Grinder,5,775.81,0.0,3879.05,1067.16
ORD2327,2022-10-03,CUST991,East,Electronics,Headphones,4,957.74,0.1,3447.86,857.97
ORD2328,2021-02-10,CUST290,East,Clothing,Jacket,1,635.4,0.05,603.63,165.96
ORD2329,2023-04-11,CUST854,West,Beauty,Lipstick,4,337.21,0.0,1348.84,399.91
ORD2330,2020-01-26,CUST809,North,Home & Kitchen,Mixer Grinder,1,766.77,0.0,766.77,177.79
ORD2331,2021-03-07,CUST687,South,Clothing,Sneakers,4,78.77,0.05,299.33,77.52
ORD2332,2020-02-02,CUST863,South,Electronics,Headphones,1,351.56,0.15,298.83,60.86
ORD2333,2021-05-13,CUST208,South,Beauty,Face Cream,1,189.49,0.05,180.02,29.07
ORD2334,2022-02-09,CUST868,West,Beauty,Lipstick,2,872.21,0.0,1744.42,367.71
ORD2335,2021-07-29,CUST895,West,Electronics,Smartphone,5,186.21,0.05,884.5,94.82
ORD2336,2022-06-20,CUST368,South,Electronics,Smartphone,2,347.18,0.15,590.21,152.7
ORD2337,2022-11-07,CUST157,North,Beauty,Lipstick,1,779.58,0.05,740.6,159.35
ORD2338,2021-08-01,CUST559,West,Beauty,Lipstick,1,541.38,0.15,460.17,103.23
ORD2339,2023-03-28,CUST603,North,Beauty,Face Cream,3,122.45,0.05,348.98,87.46
ORD2340,2023-02-06,CUST758,North,Home & Kitchen,Table Lamp,3,704.09,0.0,2112.27,564.98
ORD2341,2021-10-11,CUST208,East,Clothing,Sneakers,3,455.24,0.05,1297.43,368.55
ORD2342,2020-02-24,CUST279,North,Beauty,Shampoo,5,450.6,0.1,2027.7,582.29
ORD2343,2020-05-08,CUST869,North,Books,Science Book,3,586.14,0.0,1758.42,267.55
ORD2344,2020-08-10,CUST453,West,Electronics,Smartwatch,1,945.94,0.15,804.05,198.65
ORD2345,2020-01-27,CUST480,East,Home & Kitchen,Mixer Grinder,2,547.36,0.1,985.25,211.24
ORD2346,2021-08-18,CUST668,South,Home & Kitchen,Cookware Set,3,874.97,0.15,2231.17,417.57
ORD2347,2022-03-01,CUST695,South,Books,Biography,4,765.06,0.1,2754.22,723.19
ORD2348,2020-05-18,CUST244,East,Electronics,Laptop,2,674.06,0.15,1145.9,333.4
ORD2349,2023-02-09,CUST845,North,Clothing,Jeans,4,503.03,0.1,1810.91,401.67
ORD2350,2020-12-24,CUST915,South,Clothing,T-shirt,4,284.09,0.15,965.91,175.01
ORD2351,2021-10-21,CUST796,South,Beauty,Shampoo,2,767.39,0.0,1534.78,404.9
ORD2352,2020-07-13,CUST311,West,Electronics,Laptop,2,199.85,0.05,379.71,94.98
ORD2353,2020-08-06,CUST733,West,Beauty,Lipstick,3,641.8,0.0,1925.4,479.32
ORD2354,2020-07-19,CUST841,South,Beauty,Lipstick,3,805.24,0.15,2053.36,302.22
ORD2355,2020-01-22,CUST888,North,Home & Kitchen,Table Lamp,5,268.85,0.1,1209.83,329.8
ORD2356,2020-07-05,CUST731,South,Home & Kitchen,Wall Clock,3,563.27,0.05,1605.32,241.36
ORD2357,2022-12-18,CUST237,West,Home & Kitchen,Mixer Grinder,5,159.89,0.05,759.48,207.3
ORD2358,2021-01-13,CUST949,East,Clothing,Jacket,2,911.92,0.0,1823.84,460.02
ORD2359,2021-07-31,CUST225,West,Home & Kitchen,Cookware Set,2,508.49,0.1,915.28,138.08
ORD2360,2022-06-25,CUST631,West,Electronics,Laptop,4,638.3,0.05,2425.54,701.33
ORD2361,2020-06-25,CUST309,South,Books,Science Book,3,658.34,0.05,1876.27,491.62
ORD2362,2022-03-29,CUST539,East,Books,Biography,4,475.95,0.0,1903.8,523.93
ORD2363,2021-09-01,CUST602,West,Beauty,Lipstick,3,394.18,0.0,1182.54,130.02
ORD2364,2020-01-01,CUST144,East,Books,Science Book,4,786.15,0.15,2672.91,332.84
ORD2365,2022-10-22,CUST226,South,Electronics,Headphones,2,385.97,0.0,771.94,95.96
ORD2366,2021-03-27,CUST600,East,Electronics,Laptop,1,500.32,0.15,425.27,79.92
ORD2367,2022-04-29,CUST241,North,Beauty,Perfume,5,533.58,0.15,2267.72,453.13
ORD2368,2021-12-20,CUST178,East,Books,Fiction Book,5,26.02,0.1,117.09,24.32
ORD2369,2020-02-10,CUST253,East,Books,Science Book,1,477.8,0.05,453.91,129.75
ORD2370,2020-03-04,CUST835,East,Clothing,Jacket,5,194.43,0.0,972.15,116.85
ORD2371,2020-01-16,CUST692,East,Electronics,Smartwatch,1,910.2,0.05,864.69,125.65
ORD2372,2022-06-16,CUST139,North,Clothing,Jeans,5,173.39,0.1,780.25,104.49
ORD2373,2023-06-28,CUST492,South,Books,Fiction Book,2,351.42,0.1,632.56,109.93
ORD2374,2021-04-15,CUST419,West,Clothing,T-shirt,3,501.19,0.05,1428.39,266.36
ORD2375,2022-04-20,CUST819,North,Home & Kitchen,Table Lamp,5,267.82,0.0,1339.1,399.44
ORD2376,2020-11-22,CUST122,West,Books,Science Book,2,661.38,0.0,1322.76,339.01
ORD2377,2022-05-14,CUST989,South,Clothing,Jacket,5,40.29,0.15,171.23,39.75
ORD2378,2021-03-10,CUST698,South,Clothing,Sneakers,5,893.28,0.0,4466.4,1210.31
ORD2379,2020-09-01,CUST122,North,Clothing,Sneakers,5,572.89,0.05,2721.23,692.77
ORD2380,2022-10-04,CUST565,North,Books,Biography,4,707.16,0.15,2404.34,609.16
ORD2381,2020-09-14,CUST204,South,Home & Kitchen,Cookware Set,3,842.15,0.05,2400.13,255.54
ORD2382,2023-02-10,CUST253,East,Beauty,Face Cream,4,511.05,0.0,2044.2,332.81
ORD2383,2021-08-04,CUST151,East,Books,Comics,4,713.13,0.05,2709.89,697.25
ORD2384,2022-09-03,CUST539,South,Electronics,Headphones,2,518.89,0.0,1037.78,205.39
ORD2385,2022-11-28,CUST809,East,Electronics,Smartphone,1,677.05,0.1,609.35,95.61
ORD2386,2023-05-26,CUST151,South,Books,Comics,3,101.26,0.05,288.59,64.19
ORD2387,2020-05-04,CUST510,South,Home & Kitchen,Cookware Set,5,494.21,0.1,2223.94,463.64
ORD2388,2020-03-22,CUST680,South,Electronics,Smartphone,4,179.1,0.15,608.94,62.16
ORD2389,2023-01-19,CUST503,West,Home & Kitchen,Table Lamp,5,715.3,0.1,3218.85,416.8
ORD2390,2023-03-18,CUST699,East,Home & Kitchen,Mixer Grinder,1,931.08,0.15,791.42,195.09
ORD2391,2021-06-26,CUST294,North,Electronics,Smartwatch,2,819.94,0.15,1393.9,358.02
ORD2392,2023-01-12,CUST342,East,Beauty,Perfume,3,569.72,0.05,1623.7,338.85
ORD2393,2020-04-14,CUST140,East,Clothing,Jeans,1,365.88,0.1,329.29,75.75
ORD2394,2021-08-17,CUST869,East,Home & Kitchen,Table Lamp,4,687.31,0.0,2749.24,761.83
ORD2395,2022-06-12,CUST529,North,Clothing,Jeans,4,260.2,0.05,988.76,166.95
ORD2396,2021-12-19,CUST771,North,Electronics,Smartphone,5,943.4,0.05,4481.15,1050.5
ORD2397,2023-06-04,CUST779,East,Books,Biography,5,140.31,0.05,666.47,157.31
ORD2398,2021-10-01,CUST702,West,Home & Kitchen,Wall Clock,1,872.68,0.05,829.05,166.22
ORD2399,2020-07-20,CUST977,West,Electronics,Smartphone,2,970.48,0.05,1843.91,536.9
ORD2400,2023-04-16,CUST347,North,Electronics,Smartwatch,3,289.39,0.0,868.17,208.87
ORD2401,2022-03-26,CUST186,West,Beauty,Shampoo,2,108.01,0.1,194.42,50.23
ORD2402,2020-11-23,CUST201,West,Beauty,Perfume,5,145.07,0.1,652.81,177.83
ORD2403,2022-11-05,CUST172,East,Clothing,Sneakers,4,702.72,0.1,2529.79,420.6
ORD2404,2021-05-30,CUST861,South,Home & Kitchen,Cookware Set,4,35.5,0.15,120.7,24.61
ORD2405,2022-07-08,CUST802,East,Home & Kitchen,Table Lamp,2,935.68,0.0,1871.36,520.03
ORD2406,2023-03-29,CUST331,West,Beauty,Face Cream,1,183.62,0.0,183.62,39.27
ORD2407,2022-12-07,CUST307,South,Books,Science Book,1,881.39,0.05,837.32,174.68
ORD2408,2023-05-29,CUST332,West,Books,Science Book,2,497.43,0.15,845.63,121.47
ORD2409,2020-04-18,CUST703,North,Beauty,Face Cream,4,405.18,0.15,1377.61,349.21
ORD2410,2023-02-06,CUST379,North,Home & Kitchen,Table Lamp,3,569.64,0.1,1538.03,169.63
ORD2411,2021-12-01,CUST429,North,Beauty,Lipstick,1,753.26,0.1,677.93,198.15
ORD2412,2021-01-01,CUST625,East,Home & Kitchen,Table Lamp,3,836.35,0.0,2509.05,496.87
ORD2413,2021-08-23,CUST783,North,Home & Kitchen,Wall Clock,4,579.79,0.0,2319.16,291.83
ORD2414,2021-06-22,CUST129,West,Books,Comics,1,359.33,0.05,341.36,101.28
ORD2415,2020-12-01,CUST605,North,Beauty,Face Cream,2,467.14,0.1,840.85,149.42
ORD2416,2021-11-30,CUST513,North,Clothing,T-shirt,2,568.28,0.15,966.08,162.85
ORD2417,2020-06-25,CUST104,South,Electronics,Laptop,2,835.07,0.05,1586.63,458.42
ORD2418,2020-04-02,CUST772,West,Home & Kitchen,Cookware Set,5,623.98,0.1,2807.91,694.28
ORD2419,2022-07-14,CUST377,East,Electronics,Laptop,1,143.23,0.1,128.91,13.97
ORD2420,2021-09-11,CUST347,West,Clothing,Jeans,2,316.88,0.1,570.38,74.5
ORD2421,2023-04-06,CUST235,West,Clothing,Sneakers,1,676.69,0.1,609.02,87.16
ORD2422,2023-05-31,CUST993,North,Beauty,Perfume,3,232.56,0.0,697.68,114.25
ORD2423,2021-01-24,CUST458,South,Home & Kitchen,Cookware Set,4,578.17,0.05,2197.05,445.91
ORD2424,2022-03-14,CUST897,South,Beauty,Face Cream,1,821.31,0.05,780.24,233.13
ORD2425,2020-02-25,CUST661,South,Clothing,Jacket,1,461.36,0.0,461.36,50.78
ORD2426,2021-01-12,CUST355,West,Clothing,Sneakers,3,259.85,0.1,701.6,115.48
ORD2427,2023-03-23,CUST304,East,Books,Comics,3,67.08,0.15,171.05,34.59
ORD2428,2022-05-16,CUST553,South,Beauty,Perfume,4,318.51,0.15,1082.93,306.86
ORD2429,2022-09-12,CUST990,West,Books,Biography,1,435.29,0.15,370.0,75.26
ORD2430,2021-07-13,CUST103,South,Home & Kitchen,Wall Clock,3,25.62,0.05,73.02,20.85
ORD2431,2022-09-12,CUST344,East,Electronics,Laptop,2,231.66,0.15,393.82,46.43
ORD2432,2021-11-22,CUST468,North,Electronics,Smartphone,3,811.32,0.05,2312.26,368.32
ORD2433,2020-07-11,CUST960,West,Home & Kitchen,Mixer Grinder,4,939.95,0.15,3195.83,528.56
ORD2434,2020-08-26,CUST305,South,Beauty,Perfume,3,197.88,0.15,504.59,93.2
ORD2435,2021-05-22,CUST615,East,Electronics,Headphones,4,495.77,0.15,1685.62,283.13
ORD2436,2022-11-26,CUST934,South,Beauty,Face Cream,4,413.31,0.15,1405.25,341.04
ORD2437,2023-02-28,CUST270,West,Home & Kitchen,Table Lamp,3,439.75,0.1,1187.33,138.48
ORD2438,2022-01-05,CUST351,East,Clothing,Jeans,1,226.22,0.0,226.22,43.23
ORD2439,2020-05-29,CUST796,North,Books,Comics,5,479.37,0.1,2157.16,343.24
ORD2440,2021-10-05,CUST238,West,Electronics,Smartwatch,4,526.66,0.0,2106.64,387.22
ORD2441,2021-06-02,CUST769,East,Clothing,T-shirt,3,25.85,0.0,77.55,13.64
ORD2442,2021-11-28,CUST194,South,Electronics,Headphones,1,132.94,0.1,119.65,13.76
ORD2443,2020-09-20,CUST334,North,Home & Kitchen,Mixer Grinder,4,980.46,0.15,3333.56,645.26
ORD2444,2022-09-30,CUST575,South,Clothing,Jeans,5,341.58,0.0,1707.9,221.41
ORD2445,2022-08-06,CUST320,North,Electronics,Laptop,3,373.42,0.15,952.22,253.34
ORD2446,2022-01-07,CUST132,West,Clothing,Sneakers,1,732.92,0.15,622.98,90.72
ORD2447,2022-08-25,CUST132,North,Books,Fiction Book,5,340.15,0.1,1530.67,357.37
ORD2448,2022-02-15,CUST509,East,Beauty,Lipstick,2,949.21,0.05,1803.5,363.26
ORD2449,2020-07-29,CUST418,South,Home & Kitchen,Table Lamp,1,857.56,0.05,814.68,134.78
ORD2450,2023-02-01,CUST443,East,Electronics,Laptop,5,282.82,0.1,1272.69,260.69
ORD2451,2021-11-05,CUST538,North,Electronics,Smartphone,4,487.58,0.1,1755.29,287.2
ORD2452,2022-06-16,CUST559,West,Beauty,Face Cream,1,389.76,0.1,350.78,57.68
ORD2453,2021-07-25,CUST793,South,Home & Kitchen,Mixer Grinder,4,176.45,0.0,705.8,119.82
ORD2454,2022-09-10,CUST805,East,Clothing,T-shirt,2,971.92,0.05,1846.65,216.1
ORD2455,2022-07-16,CUST952,West,Clothing,Jeans,4,626.56,0.0,2506.24,479.38
ORD2456,2020-04-09,CUST315,North,Clothing,Jeans,3,131.14,0.1,354.08,65.37
ORD2457,2023-01-26,CUST287,North,Books,Fiction Book,2,507.7,0.15,863.09,151.54
ORD2458,2021-02-07,CUST544,West,Beauty,Perfume,2,672.15,0.15,1142.65,157.43
ORD2459,2023-05-06,CUST358,South,Beauty,Shampoo,1,887.71,0.05,843.32,126.74
ORD2460,2021-03-18,CUST429,West,Home & Kitchen,Wall Clock,4,637.32,0.15,2166.89,536.97
ORD2461,2021-02-27,CUST315,North,Beauty,Perfume,4,416.07,0.0,1664.28,392.37
ORD2462,2023-02-12,CUST305,West,Books,Fiction Book,3,318.06,0.15,811.05,182.99
ORD2463,2022-09-16,CUST353,West,Beauty,Lipstick,4,694.27,0.05,2638.23,619.79
ORD2464,2022-06-24,CUST246,West,Clothing,Sneakers,2,329.27,0.0,658.54,98.07
ORD2465,2021-10-30,CUST503,West,Home & Kitchen,Table Lamp,2,891.94,0.05,1694.69,451.39
ORD2466,2021-04-03,CUST283,West,Clothing,Jacket,2,216.47,0.05,411.29,48.12
ORD2467,2021-01-24,CUST279,East,Beauty,Shampoo,4,696.26,0.05,2645.79,515.93
ORD2468,2021-05-11,CUST963,North,Home & Kitchen,Table Lamp,4,726.38,0.0,2905.52,722.44
ORD2469,2022-08-05,CUST575,West,Books,Fiction Book,2,151.73,0.05,288.29,81.46
ORD2470,2020-06-25,CUST643,West,Books,Biography,5,893.18,0.05,4242.6,696.24
ORD2471,2020-10-14,CUST456,West,Books,Biography,2,344.35,0.05,654.26,75.67
ORD2472,2021-10-27,CUST617,North,Books,Fiction Book,3,900.8,0.05,2567.28,618.86
ORD2473,2022-08-17,CUST311,North,Books,Comics,2,806.98,0.05,1533.26,279.29
ORD2474,2021-10-29,CUST215,South,Books,Science Book,2,126.29,0.0,252.58,34.49
ORD2475,2022-03-23,CUST667,South,Clothing,T-shirt,5,299.45,0.05,1422.39,237.8
ORD2476,2022-10-05,CUST565,North,Electronics,Smartphone,1,330.51,0.15,280.93,62.53
ORD2477,2023-05-09,CUST979,East,Home & Kitchen,Mixer Grinder,1,503.62,0.15,428.08,115.44
ORD2478,2020-02-02,CUST679,South,Beauty,Lipstick,3,178.54,0.15,455.28,57.54
ORD2479,2022-01-29,CUST576,North,Home & Kitchen,Wall Clock,1,621.98,0.1,559.78,127.66
ORD2480,2022-09-18,CUST322,East,Beauty,Shampoo,4,115.14,0.0,460.56,133.08
ORD2481,2020-01-26,CUST900,East,Beauty,Lipstick,5,114.8,0.1,516.6,98.89
ORD2482,2021-10-03,CUST602,West,Electronics,Headphones,1,403.52,0.15,342.99,55.75
ORD2483,2020-01-27,CUST675,South,Books,Science Book,3,605.57,0.0,1816.71,479.69
ORD2484,2020-11-27,CUST655,North,Electronics,Laptop,4,623.02,0.05,2367.48,249.13
ORD2485,2021-06-23,CUST236,South,Home & Kitchen,Cookware Set,3,12.77,0.1,34.48,8.0
ORD2486,2022-07-29,CUST767,South,Books,Comics,4,519.13,0.05,1972.69,504.5
ORD2487,2021-03-28,CUST142,North,Home & Kitchen,Cookware Set,4,745.72,0.15,2535.45,277.81
ORD2488,2022-06-05,CUST427,East,Electronics,Laptop,4,849.88,0.15,2889.59,790.31
ORD2489,2021-07-24,CUST670,East,Books,Science Book,1,104.5,0.1,94.05,10.25
ORD2490,2021-05-05,CUST934,South,Clothing,Sneakers,3,78.92,0.0,236.76,35.79
ORD2491,2022-09-30,CUST897,North,Clothing,Jacket,5,67.77,0.15,288.02,61.22
ORD2492,2020-01-16,CUST494,South,Beauty,Shampoo,2,873.33,0.0,1746.66,364.45
ORD2493,2023-03-13,CUST752,South,Books,Science Book,2,255.91,0.15,435.05,101.83
ORD2494,2022-05-14,CUST899,South,Clothing,Jeans,1,697.19,0.1,627.47,183.32
ORD2495,2022-05-05,CUST700,East,Books,Science Book,2,45.2,0.0,90.4,20.7
ORD2496,2020-05-30,CUST994,North,Clothing,T-shirt,1,107.25,0.1,96.53,18.15
ORD2497,2022-04-09,CUST745,West,Beauty,Face Cream,2,671.32,0.15,1141.24,202.38
ORD2498,2023-02-02,CUST305,North,Clothing,Jacket,2,946.3,0.1,1703.34,350.2
ORD2499,2021-09-25,CUST278,West,Books,Biography,5,739.58,0.0,3697.9,1024.04
ORD2500,2022-07-11,CUST974,East,Beauty,Lipstick,3,39.29,0.0,117.87,23.03
ORD2501,2022-10-23,CUST510,East,Home & Kitchen,Table Lamp,4,241.98,0.05,919.52,159.07
ORD2502,2022-05-12,CUST130,South,Electronics,Headphones,3,378.22,0.15,964.46,261.86
ORD2503,2022-05-31,CUST553,West,Beauty,Lipstick,4,551.42,0.1,1985.11,571.11
ORD2504,2022-01-14,CUST295,South,Books,Biography,4,142.46,0.05,541.35,75.14
ORD2505,2020-03-12,CUST912,West,Clothing,Jeans,5,94.63,0.05,449.49,87.13
ORD2506,2021-12-19,CUST282,North,Beauty,Shampoo,3,926.11,0.05,2639.41,302.17
ORD2507,2021-09-07,CUST727,West,Home & Kitchen,Mixer Grinder,3,317.8,0.15,810.39,133.36
ORD2508,2020-05-01,CUST753,South,Clothing,T-shirt,5,548.09,0.1,2466.41,401.75
ORD2509,2022-09-19,CUST361,South,Clothing,Jeans,5,89.03,0.0,445.15,129.79
ORD2510,2023-03-07,CUST117,North,Home & Kitchen,Wall Clock,2,718.85,0.15,1222.05,152.99
ORD2511,2021-04-01,CUST790,East,Home & Kitchen,Cookware Set,5,10.13,0.15,43.05,6.74
ORD2512,2020-04-14,CUST967,South,Clothing,Jacket,3,915.09,0.1,2470.74,603.29
ORD2513,2021-01-06,CUST450,West,Beauty,Lipstick,5,709.22,0.0,3546.1,594.28
ORD2514,2022-01-11,CUST343,South,Home & Kitchen,Mixer Grinder,5,354.81,0.15,1507.94,376.89
ORD2515,2021-01-20,CUST835,North,Beauty,Perfume,3,127.68,0.05,363.89,93.97
ORD2516,2020-02-02,CUST373,East,Books,Science Book,4,219.66,0.1,790.78,84.78
ORD2517,2020-03-05,CUST172,West,Electronics,Laptop,3,531.93,0.05,1516.0,271.05
ORD2518,2020-03-22,CUST588,South,Electronics,Smartphone,5,601.21,0.1,2705.45,689.68
ORD2519,2022-08-07,CUST738,West,Clothing,Sneakers,2,856.83,0.1,1542.29,364.46
ORD2520,2020-05-06,CUST907,North,Home & Kitchen,Cookware Set,2,365.6,0.0,731.2,127.73
ORD2521,2020-11-08,CUST948,East,Books,Fiction Book,3,810.11,0.0,2430.33,695.92
ORD2522,2020-04-29,CUST154,West,Home & Kitchen,Mixer Grinder,3,799.82,0.1,2159.51,526.62
ORD2523,2022-12-09,CUST218,South,Electronics,Smartphone,5,86.64,0.05,411.54,71.59
ORD2524,2022-09-04,CUST785,East,Books,Biography,4,229.16,0.0,916.64,109.33
ORD2525,2021-05-20,CUST705,North,Books,Biography,2,415.89,0.1,748.6,205.61
ORD2526,2023-05-27,CUST541,East,Beauty,Perfume,4,938.26,0.1,3377.74,596.16
ORD2527,2021-11-13,CUST102,South,Books,Fiction Book,2,965.39,0.0,1930.78,359.81
ORD2528,2020-02-14,CUST816,North,Clothing,T-shirt,3,776.23,0.05,2212.26,276.52
ORD2529,2021-12-06,CUST512,North,Home & Kitchen,Mixer Grinder,5,13.24,0.1,59.58,9.27
ORD2530,2022-05-13,CUST954,East,Clothing,Jeans,4,651.07,0.1,2343.85,384.83
ORD2531,2021-01-31,CUST712,South,Beauty,Lipstick,3,555.36,0.1,1499.47,279.42
ORD2532,2023-04-01,CUST143,North,Beauty,Lipstick,3,858.45,0.15,2189.05,337.47
ORD2533,2023-06-10,CUST857,South,Beauty,Shampoo,5,753.31,0.05,3578.22,826.54
ORD2534,2022-07-22,CUST787,South,Beauty,Face Cream,5,485.37,0.0,2426.85,451.73
ORD2535,2020-06-26,CUST953,North,Home & Kitchen,Mixer Grinder,5,849.2,0.15,3609.1,616.22
ORD2536,2020-07-23,CUST456,West,Home & Kitchen,Mixer Grinder,5,27.75,0.05,131.81,22.06
ORD2537,2023-01-25,CUST779,North,Beauty,Face Cream,3,895.27,0.15,2282.94,291.9
ORD2538,2020-12-15,CUST641,North,Beauty,Shampoo,2,482.52,0.1,868.54,191.59
ORD2539,2023-05-08,CUST538,North,Books,Science Book,4,17.58,0.1,63.29,16.65
ORD2540,2022-09-16,CUST789,West,Home & Kitchen,Wall Clock,1,327.28,0.0,327.28,51.01
ORD2541,2022-02-26,CUST797,East,Beauty,Lipstick,1,662.92,0.1,596.63,154.99
ORD2542,2021-10-26,CUST335,South,Clothing,Sneakers,3,148.63,0.15,379.01,38.77
ORD2543,2020-08-10,CUST131,East,Beauty,Face Cream,4,356.46,0.0,1425.84,215.95
ORD2544,2020-05-25,CUST230,West,Electronics,Smartwatch,2,377.84,0.05,717.9,178.66
ORD2545,2022-09-18,CUST343,West,Home & Kitchen,Mixer Grinder,5,76.8,0.0,384.0,69.48
ORD2546,2021-11-09,CUST889,East,Electronics,Laptop,2,596.66,0.05,1133.65,301.02
ORD2547,2023-05-18,CUST117,South,Books,Comics,3,328.39,0.1,886.65,219.05
ORD2548,2022-01-14,CUST646,West,Clothing,T-shirt,4,506.29,0.05,1923.9,252.71
ORD2549,2020-08-13,CUST261,West,Books,Science Book,2,627.59,0.0,1255.18,224.84
